Type;Name;Request Count;Failure Count;Median Response Time;Average Response Time;Min Response Time;Max Response Time;Average Content Size;Requests/s;Failures/s;50%;66%;75%;80%;90%;95%;98%;99%;99.9%;99.99%;100%
GET;/;56177;1360;89;170.76178447051169;2.6799999999980173;21288.305000000037;18547.83160368122;15.614318783313497;0.3780101028055317;89;90;91;91;93;97;180;180;21000;21000;21000
;Aggregated;56177;1360;89;170.76178447051169;2.6799999999980173;21288.305000000037;18547.83160368122;15.614318783313497;0.3780101028055317;89;90;91;91;93;97;180;180;21000;21000;21000
