Type;Name;Request Count;Failure Count;Median Response Time;Average Response Time;Min Response Time;Max Response Time;Average Content Size;Requests/s;Failures/s;50%;66%;75%;80%;90%;95%;98%;99%;99.9%;99.99%;100%
GET;/crud/caracter/;10851;347;260.0;2.685.310.593.217.240;305.160.000.016.258;1.232.017.399.999.960;20.715.657.543.083.500;30.152.357.984.474.900;0.0964230782472841;260;270;280;280;290;390;420;430;460;1100;1200
GET;/crud/palabra/;10863;328;270.0;2.755.655.590.996.930;4.189.199.999.927.950;14.788.751.000.000.100;2.336.746.985.179.040;301.857.031.412.175;0.09114342842970947;270;280;280;290;290;390;420;430;630;1500;1500
POST;/logic/analyze-text-videos/;677;677;73;7.182.050.945.347.230;19.639.999.999.299.100;1.708.203.000.000.020;0.0;0.18812225928936985;0.18812225928936985;73;94;100;110;120;130;130;140;170;170;170
POST;/logic/analyze-text-videos/?text=hola;10241;0;320.0;3.274.933.443.706.670;2.892.903.999.999.700;113.242.919.999.999;328.0;2.845.731.251.672.720;0.0;320;320;330;330;340;440;470;480;520;1100;1100
POST;/logic/analyze-text-videos/?text=hola+extended5+aceptar;10522;0;320.0;3.354.843.502.280.930;29.503.070.000.009.700;18.535.339.999.999.900;1077.0;2.923.814.493.711.590;0.0;320;340;340;340;350;450;480;490;540;1100;1900
GET;/logic/database_config;10936;328;310.0;3.128.422.287.216.540;2.229.700.000.043.520;12.934.798;9.700.073.152.889.530;3.038.855.284.473.480;0.09114342842970947;310;320;320;330;330;440;460;470;530;1100;1300
GET;/web;56177;1360;89;17.076.178.447.051.100;26.799.999.999.980.100;21.288.305.000.000.000;1.854.783.160.368.120;15.614.318.783.313.400;0.3780101028055317;89;90;91;91;93;97;180;180;21000;21000;21000
