Type,Name,Request Count,Failure Count,Median Response Time,Average Response Time,Min Response Time,Max Response Time,Average Content Size,Requests/s,Failures/s,50%,66%,75%,80%,90%,95%,98%,99%,99.9%,99.99%,100%
GET,/,555,10,81,91.69977585585615,9.880500000001291,458.3894000000015,18665.513513513513,9.489628173625102,0.17098429141666852,81,83,85,86,160,160,170,180,460,460,460
,Aggregated,555,10,81,91.69977585585615,9.880500000001291,458.3894000000015,18665.513513513513,9.489628173625102,0.17098429141666852,81,83,85,86,160,160,170,180,460,460,460
