Type,Name,Request Count,Failure Count,Median Response Time,Average Response Time,Min Response Time,Max Response Time,Average Content Size,Requests/s,Failures/s,50%,66%,75%,80%,90%,95%,98%,99%,99.9%,99.99%,100%
GET,/crud/caracter/,88,0,270.0,289.5514443181813,245.41830000000076,552.7757999999992,2140.0,1.5384452751261921,0.0,270,280,290,290,390,420,470,550,550,550,550
GET,/crud/palabra/,105,2,270.0,298.0432123809523,33.30000000000055,853.8903000000033,23636.04761904762,1.8356449305482976,0.034964665343777096,270,290,290,300,410,430,450,520,850,850,850
POST,/logic/analyze-text-videos/,7,7,46,44.632399999999606,3.8617000000016333,107.64719999999528,0.0,0.12237632870321984,0.12237632870321984,46,48,64,64,110,110,110,110,110,110,110
POST,/logic/analyze-text-videos/?text=hola,115,0,320.0,343.1915843478255,290.5772000000013,622.0349000000027,328.0,2.010468257267183,0.0,320,330,340,340,440,490,500,570,620,620,620
POST,/logic/analyze-text-videos/?text=hola+extended5+aceptar,107,0,330.0,351.0693205607479,301.57419999999746,529.5546000000008,1077.0,1.8706095958920745,0.0,330,340,350,360,470,490,500,520,530,530,530
GET,/logic/database_config,102,3,310.0,328.1576872549018,73.42490000000623,583.978700000003,97.05882352941177,1.783197932532632,0.052446998015665644,320,330,330,340,440,470,480,480,580,580,580
,Aggregated,524,12,310.0,319.8301999999998,3.8617000000016333,853.8903000000033,5406.419847328244,9.160742320069598,0.20978799206266258,310,330,340,340,430,470,500,530,850,850,850
